Linux	194	Linux Operating System
Ubuntu	179	Canonical Ubuntu	Ubuntu GNU/linux	Ubuntu Linux	Ubuntu Linux operating system	Ubuntu OS	Ubuntu Project
Microsoft Windows	159	Win	Windows	MS Windows	MSFT Win	MSFT Windows	Windows systems
Android	134	Android (operating system)	Android operating system	Android OS	Google Android
Debian	103	Debian GNU/Linux	Debian Linux
Windows 7	101	Vienna	Microsoft Windows 7	Win7	Windows 7 SP1	Windows Blackcomb	Windows Seven	Windows Vienna
macOS	100	OSX	Mac OS 10	Mac OS X	OS X	Mac OS	Macintosh Operating System X
Windows 10	96	W10	Microsoft Windows 10	W-10	Win10	Windows 9.1 (formerly)	Windows X
Windows XP	94	Windows NT 5.1	Microsoft Windows XP	Windows 5.1
Windows Vista	93	Vista	Longhorn	Microsoft Windows Vista	Windows 6	Windows Longhorn
iOS	93	iPhone OS
MS-DOS	91	Microsoft Disk Operating System	Microsoft DOS	MS DOS	MSDOS
Windows 8	85	Microsoft Windows 8	Win8	Windows 8.0
GNU	82	GNU's Not Unix
Windows 95	77	Microsoft Windows 95
Windows 98	75	Memphis	Microsoft Windows '98	Microsoft Windows 1998	Microsoft Windows 98	Windows '98	Windows 1998	Windows 4.2
Fedora Linux	73	Fedora
Windows 2000	70	Windows Server 2000	Windows NT 4.9	Windows NT 5.0
Berkeley Software Distribution	69	BSD	4.4BSD	Berkeley System Distribution	Berkeley Unix	BSD UNIX
FreeBSD	68	
Linux Mint	67	
Windows 11	66	Microsoft Windows 11	Win 11	Win11
Symbian	66	
Windows Me	63	Microsoft Windows 100	Microsoft Windows Me	Microsoft Windows ME Millennium Edition	Microsoft Windows Millennium Edition	MS DOS 8.00	MS DOS 8.00 DADOS 1.00	Windows 100	Windows 2000 9x Edition	Windows 4.9	Windows 4.99	Windows 98 TE	Windows 98 Third Edition	Windows me	Windows ME	Windows Millennium	Windows Millennium Edition
Solaris	63	Oracle Solaris	Solaris Operating System	Solaris OS	Sun Solaris
OpenBSD	61	
Kubuntu	59	
Arch Linux	58	Arch	Archlinux
Windows NT	57	NT	Microsoft Windows NT	Windows New Technology	WinNT
Slackware	56	Slack	Slackware Linux
Knoppix	56	
Windows 2.0	55	Microsoft Windows 2.0	Windows 2.00	Windows 2.01	Windows 2.02	Windows 2.03
Chrome OS	53	ChromeOS	Google Chrome OS
Windows Server 2003	53	Microsoft Windows Server 2003	Win2003	Windows 2003	Windows 2003 Server
Mandriva Linux	52	DrakX
Gentoo Linux	52	Enoch	Enoch Linux	Gentoo
openSUSE	49	Leap	openSUSE Leap
Windows Mobile	49	Microsoft Windows Mobile
MINIX	48	mini-Unix
Kali Linux	46	Kali	Kali Linux OS
Xubuntu	46	
OS/2	45	Operating System/2
CentOS	45	Centos	Community ENTerprise Operating System
NetBSD	45	
Windows 8.1	44	Microsoft Windows 8.1	Microsoft Windows 8.1x	Windows 8.1x
Lubuntu	44	
Red Hat Linux	43	RHL	Red Hat Commercial Linux	Red Hat Software Linux
Windows NT 4.0	42	Windows NT 96
ReactOS	42	Freewin 95	Freewin95
Windows 3.0	41	Windows 3.00	Windows 3.01	Windows 3.03
Windows Server 2008	41	
FreeDOS	40	Free-DOS	PD-DOS
Firefox OS	40	b2gos	Boot to Gecko	B2G
Damn Small Linux	40	DSL
Windows 10 Mobile	40	Microsoft Windows 10 Mobile	Windows Phone 10	Windows Phone 8.2	Windows Phone 9
Cygwin	39	Steve Chamberlain
Red Hat Enterprise Linux	39	RHEL
VirtualBox	39	Innotek VirtualBox	Oracle VirtualBox	Oracle VM VirtualBox	Sun VirtualBox
Deepin	38	Deepin GNU/Linux	Deepin Linux
CP/M	38	Control Program / (for) Microcomputers	Control Program for Microcomputers	Control Program/Monitor
elementary OS	38	elementary	eOS
Windows Embedded Compact	38	Microsoft Windows CE	WinCE	Windows CE	Windows Embedded CE	Windows Embedded Compact efficient
SliTaz	38	SliTaz GNU/Linux
Puppy Linux	38	
Manjaro Linux	37	Manjaro
Edubuntu	37	Ubuntu Education Edition
OpenSolaris	37	
Android Marshmallow	36	Android 6	Android 6.0	Android 6.0 Marshmallow	Android M
BeOS	36	
CyanogenMod	35	CM
Windows NT 3.1	35	Windows NT 3.1x
Windows Server 2012	35	Windows 8 Server	Windows Server 8
SUSE Linux	35	S.u.S.E.	Software und System Entwicklung	SuSE	SUSE
Android Nougat	35	Nougat	Android 7.0
Windows 9x	35	
PCLinuxOS	34	PCLOS
Android Oreo	34	Oreo	Android 8.0
Android Lollipop	34	Lollipop	Android 5.0	Android 5.1.1	Android L
MeeGo	34	
Palm OS	34	
Haiku	33	OpenBeOS
IBM AIX	33	AIX
Slax	33	Slackware-Live-CD
Multics	33	MULTiplexed Information and Computing System
Xenix	33	Microsoft Xenix
watchOS	33	Apple watchOS	watch OS
Maemo	33	
AmigaOS	33	
Windows Server	33	
Windows RT	33	
DragonFly BSD	32	DragonFly	dfly	DragonFlyBSD
HarmonyOS	32	Harmony OS	Hongmeng OS	HongMeng OS
LineageOS	32	Lineage OS
Bada	32	
Tizen	32	
Trisquel	32	
Windows 3.1x	32	
OpenVMS	31	VMS	VAX/VMS	Virtual Memory System
BackTrack	31	Midoflow
MIUI	31	Me You I
Windows Home Server	31	Microsoft Windows Home Server
Windows Fundamentals for Legacy PCs	31	
BlackBerry OS	31	
Windows Neptune	30	Microsoft Neptune	Microsoft Windows Neptune	Win2001	Windows 2001
Mac OS X Lion	30	Mac OS X 10.7	Mac OS X v10.7	OS X 10.7	OS X Lion	OS X v10.7
Google Fuchsia	30	Fuchsia
Sabayon Linux	30	RR4 Linux	RR64 Linux
Mac OS X Leopard	30	Mac OS X 10.5	Mac OS X 10.5 Leopard
webOS	30	HP webOS	LG webOS	Open webOS	Palm webOS	web OS	WebOS
Red Star OS	30	Pulgŭnbyŏl	Red Star Linux
NetWare	30	Novell NetWare
Windows Phone 8	30	Windows Phone 8.0	WP8
Android Pie	30	Android 9.0	Android P
Wear OS	30	Android Wear
Ubuntu Studio	30	
IRIX	30	
Google TV	30	
Ubuntu Touch	30	
Windows 3.x	29	Microsoft Windows 3.x
OpenWrt	29	OWrt
iPadOS	29	iPad OS
Mac OS X Snow Leopard	29	Snow Leopard	Mac OS X 10.6	Mac OS X 10.6 Snow Leopard	Mac OS X v10.6	OS X 10.6
TrueOS	29	PC-BSD
iOS 8	29	IOS8.0
Android Auto	29	android auto
QNX	29	
iOS 7	29	
Android TV	29	
Darwin	29	
Xen	28	Xen Project
Plan 9	28	Plan 9 from Bell Labs
iOS 13	28	iOS Thirteen	iPhone OS 13
Windows NT 3.5	28	Microsoft Windows 3.5	Win3.5	Windows 3.5
Windows 2.1x	28	Windows/286	Windows/386	Windows/486
TAILS - The Amnesic Incognito Live System	28	Tails	The Amnesic Incognito Live System
Android KitKat	28	KitKat	KK	Android 4.4
OS X Mountain Lion	28	Mac OS X Mountain Lion	Mountain Lion	OS X 10.8	OS X v10.8
iOS 9	28	iOS9
Mageia	28	
Windows Server 2016	28	
iOS 10	28	
Windows NT 3.51	27	Microsoft Windows 3.51	Win3.51	Windows 3.51
Zorin OS	27	Zorin OS Education Lite edition	Zorin OS Lite edition
macOS Big Sur	27	Big Sur	macOS 11.0
gNewSense	27	
Syllable Desktop	27	
Mac OS X 10.1	27	
MenuetOS	27	
Xandros	27	
HP-UX	27	
Mac OS X 10.0	27	
Ubuntu MATE	27	
Linux From Scratch	26	LFS
Scientific Linux	26	SL
Tiny Core Linux	26	TCL
Android 10	26	Android Q
Mac OS X 10.2	26	Mac OS X Jaguar
UNIX System V	26	AT&T UNIX System V	System V	SysV
iOS 11	26	Leon2.0x
Raspberry Pi OS	26	Raspbian
Mac OS 9	26	Classic 9	classic Mac OS 9	OS 9
Mac OS X Tiger	26	Mac OS X 10.4	Mac OS X 10.4 Tiger	Mac OS X v10.4	Mac OS X v10.4 Tiger
Android Jelly Bean	26	Android 4.1	Android 4.2	Android 4.3	Jelly Bean
Linspire	26	
Fluxbuntu	26	
KolibriOS	26	
NeXTSTEP	25	NeXTStep	NEXTSTEP	OPENSTEP
IBM PC DOS	25	IBM DOS	IBM PC-DOS	IBM Personal Computer Disk Operating System	IBM Personal Computer DOS	IBM-DOS	PC DOS	PC-DOS	Personal Computer DOS
iOS 12	25	Apple iOS 12	Apple iOS Twelve	Apple iOS XII	iOS Twelve	iOS XII	iOS12
Android 12	25	Android S	Android Snow Cone
OS X Mavericks	25	OS X 10.9	OS X v10.9
Windows Server 2019	25	Windows Server version 19.03
SkyOS	25	
Mac OS X Panther	25	
VxWorks	25	
MEPIS	25	
Android 11	25	
iOS 6	24	iphone 5 4 4s 3gs
GhostBSD	24	Ghost BSD
iOS 14	24	IOS 14
AROS Research Operating System	24	AROS	Amiga Research Operating System	AROS OS	AROS Programs
Android Honeycomb	24	Android 3.0	Android 3.1	Android 3.2	Android Honeycomb
Android Ice Cream Sandwich	24	Ice Cream Sandwich	Android 4.0
SteamOS	24	Steam OS
KaiOS	24	Kai OS	Smart Feature OS
OS X El Capitan	24	OS X 10.11
Zenwalk	24	
Mac OS 8	23	Classic 8	classic Mac OS 8
Cairo	23	Microsoft Cairo	Microsoft Windows Cairo	Windows Cairo
Cisco IOS	23	Cisco Internetwork Operating System	Internetwork Operating System
Windows Server 2008 R2	23	Windows 7 Server	Windows Server 2009
Linux-libre	23	GNU Linux-libre
Android Gingerbread	23	Gingerbread	Android 2.3	Android 2.3.3	Android 2.3.7
Classic Mac OS	23	Classic MacOS	Mac OS Classic	MacOS Classic	old Mac OS	Macintosh OS Classic
OS X Yosemite	23	OS X 10.10
Windows Phone 8.1	23	WP8.1
Android Cupcake	23	Cupcake	Android 1.5
Android Froyo	23	
Sailfish OS	22	SFOS	SailfishOS
Pardus	22	Eopkg
Windows Nashville	22	Microsoft Windows '96	Microsoft Windows 1996	Microsoft Windows 96	Win96	Windows '96	Windows 1996	Windows 4.1
gOS	22	Good OS
macOS Sierra	22	Sierra	Mac OS Sierra	macOS 10.12 Sierra	OS X 10.12	OS X Sierra
Parabola GNU/Linux-libre	22	Parabola
macOS Catalina	22	Catalina	Apple mac OS 10.15	Apple mac OS Catalina	Apple macOS 10.15	Apple macOS Catalina	mac OS 10.15	mac OS Catalina	macOS 10.15
Kernel-based Virtual Machine	22	KVM	Linux KVM
macOS High Sierra	22	macOS 10.13
Huawei EMUI	22	Emotion UI	EMUI
Oracle Linux	22	Oracle Enterprise Linux
Android Eclair	22	Android 2.0	Android 2.1
Chromium OS	22	
pfSense	22	
Moblin	22	
Android-x86	22	
FreeNAS	22	
iOS 5	22	
Windows Firewall	21	Windows Defender Firewall
Yellow Dog Linux	21	YDL
GNU/Linux	21	Linux	GNU plus Linux	GNU-Linux	GNU+Linux
386BSD	21	386/BSD	Jolix
RISC OS	21	RISC OS 5
Hyper-V	21	Devil	Hyper-v	Hyper-V Server	Microsoft Hyper-V	Windows Server Hyper-V	Windows Server Virtualization
Jolla	21	Jolla Co.	Jolla Ltd.	Jolla Mobile	Jolla Oy
Solus	21	Evolve OS	Solus Project	SolusOS
Inferno	21	
Goobuntu	21	
Ubuntu Kylin	21	
tvOS	21	
iOS 15	21	
86-DOS	20	QDOS
Windows Phone 7.x	20	WP7
Windows Preinstallation Environment	20	Windows PE	WinPE
Samsung Experience	20	SɅMSUNG Experience
macOS Mojave	20	macOS 10.14	MacOS Mojave
TempleOS	20	J Operating System	LoseThos	SparrowOS
Android Donut	20	Android 1.6	Android Donut
z/OS	20	
eyeOS	20	
Gobuntu	20	
Red Flag Linux	20	
MorphOS	20	
Bodhi Linux	20	
FreeRTOS	20	
Windows Embedded	20	
iOS 4	20	
Remix OS	20	
CrunchBang Linux	20	
Amoeba	19	Amoeba distributed operating system
macOS Monterey	19	Monterey	macOS 12
MX Linux	19	mx linux
macOS Server	19	Mac OS X Server	OS X Server
Fire OS	19	Amazon Fire OS
BlackBerry 10	19	
S60	19	
DesktopBSD	19	
DD-WRT	19	
Windows Odyssey	19	
Dreamlinux	19	
Nexenta OS	19	
Antergos	19	
DR-DOS	18	Digital Research Disk Operating System	Digital Research DOS	DR DOS	Novell DOS 7
UnixWare	18	UnixWare 7
Qubes OS	18	Qubes
iPhone OS 1	18	iOS 1
iPhone OS 2	18	iOS 2
Contiki	18	
Singularity	18	
aptosid	18	
Elive	18	
Alpine Linux	18	
System 7	17	Apple System 7	Mac OS 7	Macintosh System 7
Mac OS X Public Beta	17	Mac OS X Beta Publique	Mac OS X Bêta Publique
Series 40	17	S40	Nokia S 40	Nokia S40	Nokia Series 40	S 40
μClinux	17	uCLinux
VectorLinux	17	VectorLinux Light
Debian GNU/Hurd	17	Debian
Yun OS	17	AliOS	AliOS Things	Aliyun OS	YunOS
Skolelinux	17	Debian Edu
XrossMediaBar	17	XMB	Cross Media Bar	Xross Media Bar
VMware Workstation	17	VMware Workstation Pro
Proxmox Virtual Environment	17	PVE
Ututo	17	Ututo GNU/Linux
iPhone OS 3	17	iOS 3
m0n0wall	17	
nUbuntu	17	
Rockbox	17	
Linpus Linux	17	
Ubuntu Mobile	17	
OpenIndiana	17	
Ubuntu GNOME	17	
Linux Lite	17	
libreboot	17	
OxygenOS	17	
Apple DOS	16	Apple DOS 3.1	Apple DOS 3.2	Apple DOS 3.3	DOS 3.1	DOS 3.2	DOS 3.3	DOS 3.x
Tru64 UNIX	16	OSF/1	DEC OSF/1 AXP	Digital UNIX
Compatible Time-Sharing System	16	CTSS
Ubuntu Netbook Edition	16	Ubuntu Netbook Remix
BlackArch Linux	16	BlackArch
Windows XP Professional x64 Edition	16	
Frugalware Linux	16	
iPodLinux	16	
AtheOS	16	
BLAG Linux and GNU	16	
Midori	16	
A/UX	16	
CRUX	16	
FreeSBIE	16	
Debian GNU/kFreeBSD	16	
Joli OS	16	
Void Linux	16	
Parrot Security OS	16	
Mythbuntu	16	
Xinuos OpenServer	15	SCO OpenServer	SCO UNIX
Softlanding Linux System	15	SLS	SLS Linux
SUSE Linux Enterprise Server	15	SLES
SystemRescue	15	SystemRescueCd
Chakra Linux	15	KDEmod
Whonix	15	TorBOX
postmarketOS	15	pmOS	Postmarket OS
Container Linux	15	CoreOS
Foresight Linux	15	
EasyPeasy	15	
Windows Home Server 2011	15	
OS/360	15	
illumos	15	
SparkyLinux	15	
Replicant	15	
Emmabuntüs	15	
Devuan	15	
Ubuntu Budgie	15	
Rocky Linux	15	
VMware ESX	14	ESXi
MVS	14	OS/VS2	Multiple Virtual Storage	MVS operating system
System 6	14	Classic 6	Mac OS Classic 6	System Software 6
Apple ProDOS	14	P16	P8	Apple ProDOS 16	Apple ProDOS 8	ProDOS
Windows XP Media Center Edition	14	Windows XP Media Center Edition 2005	Windows XP Media Center Edition 2006
Windows 3.1	14	Windows 3.11	Windows 3.2	Windows for Workgroups 3.1	Windows for Workgroups 3.11	Windows for Workgroups 3.2
Pop!_OS	14	pop os	Pop OS	pop! os	Pop! OS
antiX	14	Antix Linux	AntiX Linux
ColorOS	14	Color OS
Ultrix	14	
Kanotix	14	
Parallels Desktop for Mac	14	
ALT Linux	14	
Musix GNU/Linux	14	
Android Go	14	
EndeavourOS	14	
MidnightBSD	13	mnbsd
disk operating system	13	DOS
Atari TOS	13	The Operating System	Tramiel Operating System
Sabily	13	Ubuntu Muslim Edition
SunOS	13	Sun OS
Parsix	13	Parsix GNU/Linux
magnussoft ZETA	13	
EPOC	13	
eComStation	13	
dyne:bolic	13	
LiMux	13	
GEOS (8-bit)	13	
GoboLinux	13	
ArchBang	13	
VMware Fusion	13	
Nova	13	
Windows Embedded Compact 7	13	
Windows MultiPoint Server	13	
LynxOS	13	
Windows Server 2012 R2	13	
IBM i	13	
FreedomBox	13	
Windows XP Embedded	12	Windows Embedded for Point of Service	Windows Embedded POSReady 2009	Windows Embedded Standard	Windows Embedded Standard 2009
Kylin	12	Kylin OS
GeeXboX	12	Linux media center	GeeXboX distro	GeeXboX media center	GeeXboX multimedia player	Linux GeeXboX
Bharat Operating System Solutions	12	BOSS Linux
Windows Server 2022	12	Microsoft Windows Server 2022
OpenMediaVault	12	OMV
PlayStation 3 system software	12	PS3 system software
SUSE Linux Enterprise Desktop	12	SLED
eCos	12	
openMosix	12	
AUSTRUMI Linux	12	
Windows Embedded CE 6.0	12	
Asianux	12	
gnuLinEx	12	
Parted Magic	12	
Turbolinux	12	
Freespire	12	
YOPER	12	
Gnoppix	12	
Microsoft Forefront	12	
Fuduntu	12	
CP/M-86	12	
Pentoo	12	
OmniROM	12	
Astra Linux	12	
KDE neon	12	
iPadOS 15	12	
Ubuntu for Android	12	
Linux for PlayStation 2	11	PS2 Linux
/e/	11	Eelo
UNIX System III	11	AT&T UNIX System III	System III
MINIX 3	11	Minix 3
SerenityOS	11	Serenity
Baltix	11	Baltix GNU/Linux	Baltix-Linux
THE multiprogramming system	11	THE Operation System
Research Unix	11	UNIX	UNIX Time-Sharing System
Version 7 Unix	11	7th Edition Research Unix	Research Unix Edition 7	UNIX Time-Sharing System V7
TWRP	11	TeamWin Recovery Project	Team Win Recovery Project
OpenMandriva	11	OMA	OMLx	OpenMandriva Lx
GNU Guix System	11	Guix System
Android Things	11	Project Brillo
Mobilinux	11	
Rhapsody	11	
BackBox	11	
Calculate Linux	11	
PicoBSD	11	
Copland	11	
Finnix	11	
Darik's Boot and Nuke	11	
Source Mage	11	
Vyatta	11	
MkLinux	11	
Guadalinex	11	
RTEMS	11	
IPCop	11	
OS/390	11	
UNICOS	11	
Pinguy OS	11	
PTS-DOS	11	
BlackBerry Tablet OS	11	
ClearOS	11	
PlayStation Portable system software	10	PSP system software
VMware Workstation Player	10	vmplayer	VMware Player
Redox	10	Redox OS
Incompatible Timesharing System	10	ITS
TOPS-20	10	Twenex
General Comprehensive Operating System	10	GCOS	GECOS	General Electric Comprehensive Operating Supervisor
Novell Open Enterprise Server	10	OES	Open Enterprise Server
NeXT Computer	10	NeXT Computer System
Android 13	10	Android Tiramisu
Grml	10	
Dragora GNU/Linux	10	
Mastercam	10	
ASPLinux	10	
Atari DOS	10	
Windows Essential Business Server 2008	10	
GEOS	10	
Ark Linux	10	
Netrunner	10	
JavaOS	10	
SME Server	10	
Qt Extended	10	
Cosmos	10	
Windows CE 5.0	10	
SmoothWall	10	
Arch Hurd	10	
Korora	10	
DSLinux	10	
Funtoo Linux	10	
Windows Embedded Industry	10	
DOS/360	10	
Peppermint Linux OS	10	
PureOS	10	
PocketPC 2000	10	
AlmaLinux	10	
BeIA	9	BeOS for Internet Appliances
OS-9	9	OS-9000
Tomato	9	TomatoUSB
Xinu	9	XINU
United Linux	9	LLC
Zentyal	9	eBox Platform
Access Linux Platform	9	ALP
Salix OS	9	Salix Live
System 1	9	Macintosh System Software
PlayStation 4 system software	9	Orbis OS	PS4 system software	system software for the PlayStation 4	system software for the PS4	system software of the PlayStation 4	system software of the PS4
AOKP	9	Android Open Kang Project
RIOT	9	Real time operating system for Internet Of Things	RIOT OS
Paranoid Android	9	AOSPA
Ångström distribution	9	
UCSD Pascal	9	
RT-11	9	
MoviX	9	
Visopsys	9	
ChorusOS	9	
Porteus	9	
LAN Manager	9	
BeleniX	9	
Newton OS	9	
IPFire	9	
Windows Embedded Automotive	9	
TOPS-10	9	
Machine code monitor	9	
Feather Linux	9	
TRIPOS	9	
Openmoko Linux	9	
Symphony OS	9	
Familiar Linux	9	
Nintendo 3DS system software	9	
AmigaOS 4	9	
xv6	9	
Nokia X	9	
HandyLinux	9	
AsteroidOS	9	
Android Automotive	9	
Yocto Project	8	Yocto Project™
Canaima	8	Canaima GNU/Linux
RSX-11	8	Resource Sharing eXtension-PDP 11
Yggdrasil Linux/GNU/X	8	Yggdrasil Linux	LGX
JeOS	8	Ubuntu JeOS
Unity Operating System	8	Unified Operating System	UOS
Apple SOS	8	Apple Sophisticated Operating System	Sophisticated Operating System
Apple GS/OS	8	GS/OS
VSE	8	DOS/VSE	Z/Virtual System Environment	z/VSE
Sinclair QDOS	8	kudos	Q－DOS	Qdos
Nintendo Switch system software	8	Nintendo Switch operating system	Nintendo Switch OS
Conectiva	8	
tomsrtbt	8	
64 Studio	8	
Aurox	8	
OpenGEU	8	
Banyan VINES	8	
MuLinux	8	
Poseidon Linux	8	
Lunar Linux	8	
Nucleus RTOS	8	
Microsoft Virtual Server	8	
Endian Firewall	8	
z/VM	8	
LUnix	8	
ChibiOS/RT	8	
OpenZaurus	8	
Libranet	8	
TinyOS	8	
Oberon	8	
Jlime	8	
Gentoox	8	
SmartOS	8	
Kurumin	8	
Anonym.OS	8	
Vinux	8	
HelenOS	8	
Vine Linux	8	
MP/M	8	
Junos	8	
Windows Mobile 2003	8	
SolydXK	8	
mbed	8	
OPNsense	8	
Series 30+	8	
NixOS	8	
Garuda Linux	8	
Embeddable Linux Kernel Subset	7	ELKS
JNode	7	Java new operating system design effort
BSD/OS	7	BSD/386	BSD/OS	BSDi
VLOS	7	VidaLinux
KaOS	7	KaOS (Linux distribution)
U-Lite	7	Ubuntu Lite
ROSA Linux	7	ROSA Enterprise Linux Server
Amiga Unix	7	Amix	Commodore Amiga Unix
StartOS	7	Ylmf OS
Rocks Cluster Distribution	7	NPACI Rocks
Series 30	7	S30
Resurrection Remix OS	7	RROS
OpenELEC	7	Linux media center	Linux OpenELEC	OpenELEC distro	OpenELEC media center	OpenELEC multimedia player
LXLE Linux	7	LXLE
Zephyr	7	Rocket	Virtuoso RTOS	Wind River Rocket
ELinOS	7	
Commodore DOS	7	
Wienux	7	
BasicLinux	7	
FREESCO	7	
Frenzy BSD	7	
Linux XP	7	
Corel Linux	7	
KERNAL	7	
OS/400	7	
Hiren's Boot	7	
Trustix	7	
MiNT	7	
Webconverger	7	
SchilliX	7	
RSTS/E	7	
DeLi Linux	7	
PUD	7	
Hikarunix	7	
Super OS	7	
ZevenOS	7	
LliureX	7	
Windows Mobile 6.0	7	
Incognito	7	
Asturix	7	
Fermi Linux	7	
GendBuntu	7	
Pocket PC 2002	7	
Windows Mobile 5.0	7	
Q4OS	7	
Clear Linux OS	7	
RMX	6	Intel iRMX86	iRMX	iRMX-86	iRMX86
Aurora	6	Eeebuntu	EeeUbuntu	Sailfish Mobile OS RUS
Quantian	6	Quantian OS
eZeY	6	Open Xange	Simplis	Vixta	Xange
OPhone	6	OMS	Open Mobile System
Integrity	6	INTEGRITY	INTEGRITY RTOS	INTEGRITY-178	INTEGRITY-178 RTOS
Transaction Processing Facility	6	TPF
HP Multi-Programming Executive	6	MPE	HP MPE	MPE XL	MPE/iX
TRSDOS	6	Tandy Radio Shack - Disk Operating System
E/OS	6	EOS
Ubuntu Unity	6	Ubuntu Unity Remix	Unubuntu
Linux Unified Kernel	6	Longene
Dartmouth Time Sharing System	6	DTSS
Xbox 360 system software	6	Xbox 360 Dashboard	Xbox 360 OS
PlayStation Vita system software	6	PS Vita system software	Vita system software
fli4l	6	flexible internet router for linux	floppy isdn for linux
SUPER-UX	6	SuperUx
LibreCMC	6	libreWRT
VM	6	CP-370	VM/370	VM/CMS
Windows XP 64-Bit Edition	6	Windows eXPerience 64-Bit Edition
CAINE Linux	6	CAINE	Computer Aided INvestigative Environment
Progeny Componentized Linux	6	Progeny Debian
leJOS	6	
Univention Corporate Server	6	
Jurix	6	
Coherent	6	
Fiwix	6	
Splashtop	6	
Barrelfish	6	
Lycoris	6	
AmigaDOS	6	
Sprite	6	
Coyote Linux	6	
SINIX	6	
Morphix	6	
MULTOS	6	
Baidu Yi	6	
FlexOS	6	
Elastix	6	
Venix	6	
Berry Linux	6	
KateOS	6	
NuttX	6	
Windows Mobile 6.5	6	
Absolute Linux	6	
LEDE	6	
ArchLabs	6	
Artix Linux	6	
Apple Pascal	5	Apple II Pascal
Paldo GNU/Linux	5	Paldo
MirOS BSD	5	MirBSD	MirOS
V operating system	5	V-System
BESYS	5	Bell Operating System
DESQview	5	DESQview/X
Hyperbola GNU/Linux-libre	5	Hyperbola	Hyperbola GNU/Linux
bridgeOS	5	Bridge OS
Armbian	5	Linux ARM distro	Linux Armbian
Ubuntu Server Edition	5	Ubuntu Server
Xbox Linux	5	Xbox-Linux
Siemens Sinumerik	5	Sinumerik
RTX	5	RTX 64: Real-time 64-bit Windows	RTX: Real-time 64-bit Windows
AVLinux	5	AV Linux on russian
Versatile Real-Time Executive	5	VRTX
Uruk GNU/Linux	5	Uruk GNU/Linux-libre
Version 6 Unix	5	6th Edition Research Unix	Research Unix Edition 6	UNIX Time-Sharing System V6
House	5	Haskell User's Operating System and Environment
AbulÉdu	5	AbulEdu
Xbox One and Xbox Series X/S system software	5	Microsoft Xbox One and Xbox Series X and S system software	Microsoft Xbox One and Xbox Series X/S system software	Microsoft Xbox One and Xbox Series X	S system software	XBO and XBSX system software	Xbox One and Xbox Series X and S system software	Xbox One and Xbox Series X	S system software	Xbox OS
Wii U system software	5	Wii U operating system
Jolicloud	5	
Debian Pure Blend	5	
Idris	5	
Knopperdisk	5	
Impi Linux	5	
Interactive Unix	5	
JX	5	
EnGarde Secure Linux	5	
Miracle Linux	5	
Fox Linux	5	
SymbOS	5	
DRYOS	5	
EROS	5	
XtreemOS	5	
Parallels Workstation	5	
Gentoo/FreeBSD	5	
PikeOS	5	
L4Linux	5	
Dynix	5	
Runtu	5	
MCC Interim Linux	5	
FreeVMS	5	
Freeduc-cd	5	
MSX-DOS	5	
TinyMe	5	
UNIX System Services	5	
Lantastic	5	
Slackintosh	5	
Slamd64	5	
K12LTSP	5	
DemoLinux	5	
GM-NAA I/O	5	
Hanthana Linux	5	
NepaLinux	5	
Xebian	5	
puredyne	5	
Elbuntu	5	
System Software 5	5	
Unununium	5	
Multiuser DOS	5	
Phantom OS	5	
BlankOn	5	
UserLinux	5	
Molinux	5	
Linkat	5	
Qimo 4 Kids	5	
Element OS	5	
ISIS	5	
Kuki Linux	5	
ThreadX	5	
TopologiLinux	5	
Windows XP Édition Tablet PC	5	
VyOS	5	
CloudLinux	5	
FLEX	5	
BunsenLabs	5	
Splashtop OS	5	
EulerOS	5	
Lakka	5	
Azure Sphere	5	
GalliumOS	5	
Recalbox	5	
Burroughs MCP	4	Master Control Program	Unisys MCP
BS2000	4	BS2000/OSD
PWB/UNIX	4	Programmer's Workbench
MIPS RISC/os	4	RISC/os
Lightweight Portable Security	4	LPS
CBL-Mariner	4	Common Base Linux - Mariner
Russian Fedora Remix	4	Fedora	RFRemix
DEMOS	4	UNAS
Cosmoe	4	Compatible Open-Source Multi Operating-system Environment
Convergent Technologies Operating System	4	BTOS	CTOS	Starsys
CAOS Linux	4	Community Au-courant Operating System
Cobalt Qube	4	Qube
Oracle VM Server for SPARC	4	Logical Domains
Sunwah Linux	4	Sun Wah RAYS LX
LibreELEC	4	Libre Embedded Linux Entertainment Center	LibreELEC distro	LibreELEC HTPC	LibreELEC multimedia center	Linux LibreELEC	Linux media center	OpenELEC fork
System 2	4	Mac System Software (0.3 & 0.5)
Flyme	4	Flyme OS
Wifislax	4	wifislax	WifiSlax
ARX	4	
K42	4	
Visi On	4	
AMSDOS	4	
BeatrIX	4	
MUSIC/SP	4	
NewOS	4	
Pixart	4	
Cray Operating System	4	
Online OS	4	
HDOS	4	
LinuxTLE	4	
Greenie Linux	4	
NASLite	4	
MotoMagx	4	
Commodore OS	4	
Lisa OS	4	
T2 SDE	4	
MEDINA	4	
Minerva	4	
MagiC	4	
IS-DOS	4	
ANDOS	4	
TR-DOS	4	
Nokia IPSO	4	
Adamantix	4	
ContactOffice	4	
Tinfoil Hat Linux	4	
TrustedBSD	4	
WinLinux	4	
SHR	4	
Cloud OS	4	
TENEX	4	
Debian GNU/NetBSD	4	
DoudouLinux	4	
EduLinux	4	
UNIX/32V	4	
Windows CE 3.0	4	
NOS	4	
Platypux	4	
Devil-Linux	4	
DEC BATCH-11/DOS-11	4	
NimbleX	4	
Flash Linux	4	
Openwall Project	4	
Pilot	4	
Sun xVM	4	
Ojuba Linux	4	
White Box Enterprise Linux	4	
USU	4	
Arch Linux ARM	4	
IBM TopView	4	
Trinity Rescue Kit	4	
CP/CMS	4	
Caldera OpenLinux	4	
Motoblur	4	
EmuTOS	4	
Fedora Legacy	4	
GNU-Darwin	4	
HomeOS	4	
PelicanHPC	4	
KnoppMyth	4	
Magic Cap	4	
RT-Thread	4	
RedSleeve	4	
SimpleLinux	4	
Sorcerer	4	
The Linux Schools Project	4	
Tor-ramdisk	4	
TurnKey Linux Virtual Appliance Library	4	
UberStudent	4	
Windows Mobile 6.1	4	
bhyve	4	
Nokia Asha platform	4	
YunoHost	4	
Nokia Fastlane	4	
LiteOS	4	
CopperheadOS	4	
ArcaOS	4	
LG UX	4	
BackSlash Linux	4	
gLinux	4	
GrapheneOS	4	
Windows 10X	4	
Asahi Linux	4	
Android Petit Four	3	Android 1.1
IBM 7090/94 IBSYS	3	IBSYS
Wii system software	3	IOS (Wii operating system)	Nintendo Wii operating software
MonaOS	3	Mona
Debian Woody	3	Debian 3.0
mobian	3	Mobian
ICL VME	3	Virtual Machine Environment
Debian Sarge	3	Debian 3.1
KDE Plasma Mobile	3	Plasma Mobile
MicroC/OS-III	3	Micro-Controller Operating Systems
Microport	3	MicroPort Scientific Corporation
Not Another Completely Heuristic Operating System	3	NachOS
OS/8	3	MS/8
TI‐RTOS	3	SYS/BIOS	TI-RTOS
Inspur K-UX	3	K-UX
CB UNIX	3	Columbus UNIX
Compute Node Linux	3	CNL
Data General AOS	3	AOS
Debian Med	3	debian-med
Domain/OS	3	AEGIS
Granular Linux	3	Granular
Kongoni GNU/Linux	3	Kongoni
Michigan Terminal System	3	MTS
Arthur operating system	3	
Trinux	3	
AskoziaPBX	3	
blackPanther OS	3	
OpenDarwin	3	
BlueEyedOS	3	
BKUNIX	3	
A2	3	
Linux Router Project	3	
Conversational Monitor System	3	
WHAX	3	
Kiwi Linux	3	
DG/UX	3	
MCNLive	3	
FreeWRT	3	
Nokia OS	3	
PLD Linux	3	
LinuxPPC	3	
IOS XR	3	
Windows for Workgroups 3.11	3	
MilaX	3	
OsFree	3	
PRIMOS	3	
SMSQ/E	3	
ALinux	3	
Coyotos	3	
Ultima Linux	3	
Agnula	3	
Augustux	3	
Cubuntu	3	
DNALinux	3	
DexOS	3	
Wolvix	3	
Eduknoppix	3	
Genera	3	
Jollix	3	
KahelOS	3	
Lycoris Desktop/LX	3	
Mangaka Linux	3	
MediaHighway	3	
Paipix	3	
68K/OS	3	
ScreenOS	3	
Stresslinux	3	
MikeOS	3	
Trix	3	
Bayanihan Linux	3	
BareMetal	3	
Symbian	3	
Free60	3	
Linux Mint Debian Edition	3	
VMware Server	3	
ConnochaetOS	3	
OpenSolaris for System z	3	
RDOS	3	
Spring	3	
Trusted Solaris	3	
UNIVAC EXEC 8	3	
Unity Linux	3	
Annvix	3	
ArchOne	3	
BTRON	3	
BioSLAX	3	
Black Lab Linux	3	
DNIX	3	
GeckOS	3	
Operating System Embedded	3	
Maryan Linux	3	
Ufficio Zero	3	
LEAF Project	3	
MOS	3	
MachTen	3	
Nintendo DSi system software	3	
OS/VS	3	
PR/SM	3	
QP	3	
Magic Linux	3	
Red Hat Enterprise Virtualization	3	
SHARE Operating System	3	
Sacix	3	
SeaBIOS	3	
Smarterphone	3	
SpareMiNT	3	
SuperGamer	3	
Sx-window	3	
Tin Hat Linux	3	
Damn Vulnerable Linux	3	
VSTa	3	
XTS-400	3	
ZipSlack	3	
Debian-BR-CDD	3	
GALPon MiniNo	3	
Rodos	3	
Macpup	3	
Bluewhite64	3	
DR-WebSpyder	3	
Haansoft Linux	3	
INtime	3	
Plamo Linux	3	
MNOS	3	
Alinex	3	
Helix	3	
Siduction	3	
LeWa OS	3	
Windows 8.x	3	
LinuxBBQ	3	
Arch BSD	3	
Cub Linux	3	
Issabel	3	
Arch Linux 32	3	
GeckoLinux	3	
Smallfoot	3	
watchOS 5	3	
AcademiX	3	
Overledger	3	
RetroPie	3	
Puavo	3	
Galsoft Linux	3	
Eumel	2	EMUEL
Kwort Linux	2	Kwort
Dirty Unicorns	2	DU
Android 1.0	2	Android Apple Pie
Windows Embedded Standard 7	2	WES 7	Windows Embedded POSReady 7
SIBO	2	Sixteen Bit Organiser
Imagineos	2	GoblinX
IBM Airline Control Program	2	ACP	Airline Control Program
Time Sharing Operating System	2	TSOS
Windows 95 SP2	2	Windows 95 OSR2
Proxmox Backup Server	2	PBS
AT&T UNIX	2	UNIX
Acorn MOS	2	Acorn's Machine Operating System
Advanced Comprehensive Operating System	2	ACOS
Architecture of macOS	2	Architecture of Mac OS X	Architecture of OS X
BRLix	2	Famelix	Famelix GNU/Linux
Kali Linux NetHunter Edition	2	Kali Linux NetHunter	Kali NetHunter
SharkLinux	2	Shark	Shark Linux	SharkLinux OS
SUNMOS	2	Sandia/UNM Operating System
Multi-Environment Real-Time	2	UNIX/RT
REX OS	2	Real-Time Executive Operating System
Huayra Linux	2	Huayra GNU/Linux
Version 9 Unix	2	9th Edition Research Unix	Research Unix Edition 9	UNIX Time-Sharing System V9
XMK	2	eXtreme Minimal Kernel
Funtouch OS	2	JoviOS
Windows 10 S	2	Windows 10 Cloud
System 3	2	Mac System Software (0.7)
System 4	2	System Software 2.0
LinuxFX	2	WindowsFX
Version 8 Unix	2	UNIX Time-Sharing System	8th Edition Research Unix	Research Unix Edition 8
ONTAP	2	7-Mode	cDOT	Clustered Data ONTAP	Data ONTAP	Data ONTAP 7-Mode
Aurora OS	2	auroraos
China Operating System	2	COS	China Operate System
Windows Longhorn	2	Microsoft Windows Longhorn
IBM 4690 OS	2	4690 Operating System	4690 OS
IBM Basic Programming Support	2	BPS
INK	2	I/O Node Kernel
Java Card OpenPlatform	2	
Soft Hard Real-Time Kernel	2	
GEORGE	2	
Kilinux	2	
IDEDOS	2	
Control Program Facility	2	
Injector Linux	2	
PC-MOS/386	2	
KallistiOS	2	
MUNIX	2	
SPIX	2	
Unix/NS	2	
NCR VRX	2	
Nonux	2	
ASRI Edu	2	
Windows XP Professional	2	
EasyOS	2	
Edutice	2	
PingOO	2	
MaRTE OS	2	
Novell DOS	2	
NuTyX	2	
Oralux	2	
PC/IX	2	
Pick operating system	2	
Polippix	2	
BeRTOS	2	
Knoppix STD	2	
MDOS	2	
NX-OS	2	
QiLinux	2	
TinyKRNL	2	
Unslung	2	
AO-DOS	2	
CDC SCOPE	2	
CDC Kronos	2	
CSI-DOS	2	
DreamShell	2	
Embox	2	
MINIMOP	2	
MK-DOS	2	
Miraculix	2	
NORD	2	
NanoBSD	2	
NetSecL OS	2	
OSL	2	
Parallels Server for Mac	2	
PascalDOS	2	
RISC iX	2	
TSX-Plus	2	
TurboDOS	2	
XOberon	2	
OS ES	2	
OS2000	2	
AOS/VS II	2	
AmiKit	2	
BLIS/COBOL	2	
BOS/360	2	
BeOS R5	2	
Billix	2	
Moon OS	2	
CHAOS	2	
CNK operating system	2	
COSIX	2	
CP-67	2	
CapROS	2	
Catamount	2	
DAVIX	2	
DOS Plus	2	
DioneOS	2	
FireballISO	2	
Ganeti	2	
Gargoyle	2	
Gentoo/Alt	2	
GlobalView	2	
Atlas Supervisor	2	
Jazz Linux	2	
Debian Live	2	
Hydra	2	
HyperWRT	2	
IBM CP-40	2	
IBM Workplace OS	2	
IMDOS	2	
Lihuen GNU/Linux	2	
Immunix	2	
OSx86	2	
Iskolinux	2	
ROCK Linux	2	
Wifiway	2	
X-Evian	2	
KeyKOS	2	
LOCUS	2	
Loco Linux	2	
Meltemi	2	
Nemesis	2	
NewDos/80	2	
NexentaStor	2	
Nitix	2	
OS 2200	2	
Operating System Projects	2	
PC-UX	2	
pSOS	2	
PXES	2	
PenPoint OS	2	
Phoenix-RTOS	2	
Plurix	2	
RC 4000 Multiprogramming System	2	
SOX Unix	2	
Semplice Linux	2	
SharpOS	2	
Sintran III	2	
Smartisan OS	2	
Stratus VOS	2	
T-Kernel	2	
THEOS	2	
TSS-8	2	
Turkix	2	
UNIVAC EXEC II	2	
UniFLEX	2	
VAXELN	2	
VM2000	2	
VMware Infrastructure	2	
WAITS	2	
Whitix	2	
Win4Lin	2	
XtratuM	2	
Amber Linux	2	
Bonzai Linux	2	
BrazilFW	2	
College Linux	2	
DeveLinux	2	
Càtix	2	
Dizinha Linux	2	
EusLinux	2	
SLAMPP	2	
Storm Linux	2	
Tuquito	2	
CAElinux	2	
Cdlinux.pl	2	
VortexBox	2	
Draco GNU/Linux	2	
Windows Vista Home Premium	2	
OSASK	2	
EWS-UX	2	
Human68k	2	
Kondara MNU/Linux	2	
RedHawk Linux	2	
OSF/1	2	
UXP/DS	2	
ASLinux Desktop	2	
Danix	2	
RouterOS	2	
RedWall Firewall	2	
MyLinux	2	
Pie Box Enterprise Linux	2	
LainOS	2	
Truva Linux	2	
Pingo Linux	2	
Windows Embedded 8	2	
I5 OS	2	
Nanolinux	2	
Windows Server 2003 R2	2	
TSS/360	2	
arkOS	2	
Dyson	2	
Hybryde Linux	2	
Emdebian Grip	2	
OSv	2	
iMAX 432	2	
Multi-tasking MS-DOS 4.0	2	
LuneOS	2	
Xanadu GNU/Linux	2	
Kaspersky OS	2	
NonStop OS	2	
Vitalinux	2	
Mutagenix	2	
Bitrig	2	
BlackBuntu	2	
Cambridge Distributed Computing System	2	
LinuxEDU	2	
+3DOS	2	
Matuntu	2	
Indus OS	2	
Apache Mynewt OS	2	
Subgraph OS	2	
Uhuru Mobile	2	
OSMC	2	
PrimTux	2	
Tanglu	2	
Phoenix OS	2	
Pidora	2	
watchOS 3	2	
watchOS 1	2	
watchOS 2	2	
watchOS 4	2	
Windows Core OS	2	
4MLinux	2	
audioOS	2	
BBN Time-Sharing System	2	
ChaletOS	2	
Nokia Asha	2	
WatchOS 6	2	
XOS	2	
Pixel Experience	2	
WatchOS 7	2	
SlimRoms	2	
CalyxOS	2	
TwisterOS	2	
Single User Control Program	1	SCP
PEARL Operating System	1	POS
Debian Etch	1	Debian 4.0
Fuzix OS	1	FUZIX	FuzixOS
Special Real Time Operating System	1	SRTOS
Debian Potato	1	Debian 2.2
GMOS	1	General Motors Operating System
IMOS	1	Interactive Multiprogramming Operating System
TeleSec Chipcard Operating System	1	TCOS
Windows NT 3.1 Advanced Server	1	Windows 3.1 Advanced Server
SECCOS	1	Secure Chip Card Operating System
TOPSY	1	Teachable OPerating SYstem
Debian Squeeze	1	Debian 6.0
Windows Server 2000	1	Windows 2000 Server
Enso OS	1	Enso
Debian Lenny	1	Lenny	Debian 5.0
Deutsche Linux-Distribution	1	DLD
Pi-KVM	1	pikvm
Version 10 Unix	1	10th Edition Research Unix	Research Unix Edition 10	UNIX Time-Sharing System V10
9front	1	Plan 9 Front
A/ROSE	1	Apple Real-time Operating System Environment
Proxmox Mail Gateway	1	PMG
MS-DOS 7	1	MS-DOS 7.x
FUSS	1	Free Upgrade for a digitally Sustainable School
Windows 97	1	Microsoft Windows '97	Microsoft Windows 1997	Microsoft Windows 97	Win97	Windows '97	Windows 1997
AgiliaLinux	1	MOPSLinux
Brew Mobile Platform	1	Brew MP	BrewMP
CDOS	1	C-DOS
Jessy	1	ob Edit Service SYstem
NLTSS	1	Network Livermore Timesharing System	New Livermore Time Sharing System
OASIS operating system	1	Online Application System Interactive Software	THEOS
OS/VS2	1	Operating System/Virtual Storage 2
PTDOS	1	Processor Technology Disk Operating System
SpartaDOS X	1	SpartaDOS 4.0
Transaction Management eXecutive	1	TMX
Universal Time-Sharing System	1	UTS
University of Michigan Executive System	1	UMES
Xerox Operating System	1	XOS
gobang linux	1	GoBangOS
Windows 10 Version 1703	1	Creators Update	Redstone 2	RS2	Windows 10 Creators Update	Windows 10 Redstone 2	Windows 10 RS2	Windows 10.0.15063
ARMA aka Omoikane GNU/Linux	1	Omoikane	Arma Linux	Omoikane Linux
VOS3	1	Virtual-storage Operating System 3
System Generation	1	SysGen
DIP-DOS	1	DIP Operating System
NND	1	Nasza Nowa Dystrybucja
Miru directory server	1	ocean	みる directory server
Linux Simple Internet Server	1	Linux SIS
Debian Wheezy	1	Debian 7.0
ROM-DOS	1	Datalight DOS
Commercial Operating System	1	COS	COS-3xx
B2G OS	1	Boot to Gecko OS
DNOS	1	Dell Networking Operating System
CCDOS	1	Chinese Characters Disk Operation System
FreeNOS	1	Free Niek's Operating System
PrivatOS	1	Silent OS
Chippewa Operating System	1	COS
Cisco Security Monitoring, Analysis, and Response System	1	MARS
Edos	1	EDOS	Edos/VS	EDOS/VS	Edos/VSE	EDOS/VSE	Extended Disk Operating System
Edinburgh Multiple Access System	1	EMAS
GNOSIS	1	Great New Operating System In the Sky
Group Control System	1	GCS
Qimo	1	Qimo For Kids
IBM 8100 DPPX	1	Distributed Processing Programming Executive	DPPX
IBM 8100 DPCX	1	Distributed Processing Control eXecutive
IBM Academic Operating System	1	AOS
IBM System/34, 36 System Support Product	1	SSP
ILIOS	1	InterLink Internet Operating System
Lapis	1	Lapis Linux
PCQ Linux 2005	1	PCQuest Linux
Event Driven Executive	1	EDX
360 OS	1	360OS
Windows 10 IoT	1	Microsoft Windows 10 IoT	Win 10 IoT	Windows 10 IoT
AFROS	1	
Apple CP/M	1	
Arktur-Schulserver	1	
Kid operating system	1	
Behördendesktop	1	
ekkoBSD	1	
Commodore BASIC V2	1	
Little Susie feat. KDE3	1	
LiveDosGames	1	
Desinfec't	1	
UHU-Linux	1	
OS/2 Warp Server	1	
SPBLinux	1	
TTP-OS	1	
Windows NT Server 4.0	1	
Windows NT Server 4.0 Enterprise Edition	1	
GEOS-SC	1	
PEN/GEOS	1	
SimpLiCo	1	
Open School Server	1	
Linux-Musterlösung	1	
Prologue	1	
PING	1	
RTOSVisor	1	
Rainbow-OS	1	
Red Flag	1	
Symobi	1	
Ubuntu Privacy Remix	1	
Bridge Linux	1	
WEGA	1	
IsiX-OS	1	
BoliviaOS	1	
BitVisor	1	
Commotion	1	
DuinOS	1	
EOLE	1	
Floppyfw	1	
Fortran Monitor System	1	
Fully Automated Nagios	1	
Gnobsd	1	
Kaella	1	
Kdmix	1	
LinuxConsole	1	
Odebian	1	
Ordissimo	1	
Slis	1	
SymplyOS	1	
Viperr	1	
Windows Trust	1	
ZFSGuru	1	
Cosmos (Olivetti)	1	
DEFT Linux	1	
PetrOS	1	
Dpup	1	
Femto OS	1	
ITIX	1	
Jibbed	1	
KnopILS	1	
Myarc Disk Operating System	1	
Microsoft Daytona	1	
Möbius	1	
ParallelKnoppix	1	
Windows NT Server 3.5	1	
PureDarwin	1	
SAMDOS	1	
Sam Linux	1	
So.Di.Linux	1	
Tuga	1	
DOSB10	1	
DOS-Line	1	
DX-DOS	1	
FreeDOS-32	1	
Hardened Gentoo	1	
InfraLinux	1	
KMON	1	
NORTON-BK	1	
NUR Linux	1	
OZONE	1	
Plan B	1	
TASiS	1	
USIX	1	
INMOS	1	
Armed Forces mobile system	1	
Pocket Linux	1	
RAMON	1	
4K Disk Monitor System	1	
AppleEvent Object Model	1	
Apple Graphics Library	1	
Atomix	1	
Aurora SPARC Linux	1	
Berkeley Timesharing System	1	
Bifrost	1	
brickOS	1	
Buildix	1	
Business Operating System	1	
Co-CreateLinux	1	
Cray Time Sharing System	1	
DC/OSx	1	
DSOS	1	
DSPnano RTOS	1	
DX10	1	
DebWRT	1	
Denali	1	
EOS	1	
ERIKA Enterprise	1	
Emnix	1	
Mandriva InstantOn	1	
ExtremeXOS	1	
FMI/OS	1	
Fabric OS	1	
Fedora AOS	1	
Flame-Sim	1	
FunkOS	1	
GNO/ME	1	
GPAC Project on Advanced Content	1	
Galileo	1	
HP Integrity Virtual Machines	1	
ABC GNU/Linux	1	
Aquamorph	1	
ArtistX	1	
Wheels	1	
BeakOS	1	
ComFusion	1	
EdulibreOs	1	
Big Linux	1	
GNUStep LiveCD	1	
ICABIAN	1	
Julex	1	
LUC3M	1	
Mandriva Linux One Gnome	1	
Mijitt OS	1	
MagmaLinux	1	
Inquisitor	1	
Instant WebKiosk	1	
RPath Linux	1	
RadiOS	1	
SO3	1	
TiMOS	1	
Tiflobuntu	1	
Toro kernel	1	
TumiX	1	
Wando linux	1	
Wave OS	1	
KaeilOS	1	
EVuntu	1	
LOUD	1	
Lightweight Kernel Operating System	1	
Linos	1	
Linuxcare	1	
Lites	1	
Livermore Time Sharing System	1	
LynxSecure	1	
MIMIC Simulator	1	
MONECS	1	
MQX	1	
MTS system architecture	1	
MicroBSD	1	
Micro T-Kernel	1	
Multiple Console Time Sharing System	1	
NCOS	1	
Roj Linux	1	
Novell S-Net	1	
OLPC XS	1	
ORVYL and WYLBUR	1	
OS/VS1	1	
OS4000	1	
OSIAN	1	
Olivetti X/OS	1	
OpenAP	1	
OpenComRTOS	1	
OpenTag	1	
Oryx/Pecos	1	
Panos	1	
Prex	1	
RTMOS	1	
RTXC Quadros	1	
Rachana Malayalam	1	
SISNE plus	1	
SalineOS	1	
Scout	1	
SlugOS	1	
Smeegol Linux	1	
Soyombo Linux	1	
Spri	1	
SuperX	1	
TSX-32	1	
Think Blue Linux	1	
Tinix	1	
Touch Typist Typing Tutor	1	
TrueCookPlus	1	
UNIVAC EXEC I	1	
UTS	1	
VM/386	1	
VM-CP	1	
VP/CSS	1	
VPS/VM	1	
VS/9	1	
Versados	1	
Verve	1	
Wireless identification and sensing platform	1	
Wombat OS	1	
Woof	1	
xB Machine	1	
XenMan	1	
Z-DOS	1	
Zapple Monitor	1	
ΜnOS	1	
Kalango Linux	1	
Educanix	1	
LinEspa	1	
Windows XP N	1	
CPM/R	1	
CP/J	1	
EMOS	1	
EXEC	1	
IPIX	1	
RedBSD	1	
SOWA	1	
TeaM-TL	1	
UDOS	1	
Ładowacz	1	
BRTOS	1	
Cromix	1	
Dingux	1	
EOS Enhanced Operating System	1	
Caixa Mágica	1	
Linuxacessivel.org	1	
Tropix	1	
Unics	1	
VirtuOS	1	
Auditor	1	
DICOS	1	
Enlisy	1	
OSEck	1	
Real VMX	1	
ZDOS	1	
Hacao	1	
NOI Linux	1	
Open client	1	
Qomo Linux	1	
ZXVGS	1	
Zex/OS	1	
ACOS-6	1	
ACOS-4	1	
CTRON	1	
Ecolinux	1	
HI-UX	1	
Holon Linux	1	
IPnuts	1	
Momonga Linux	1	
PANIX	1	
Regret	1	
SCore	1	
StartCom Linux	1	
UP-UX	1	
FuguIta	1	
B-right/V	1	
Nintendo IOS	1	
Egzekutor RTX	1	
IcAROS Desktop	1	
Icon	1	
JS/UIX	1	
Komputer Biurowy	1	
LinnexOS	1	
MSO 300	1	
Madbox Linux	1	
DerrickOS	1	
NITDroid	1	
Mikros	1	
NonStop Kernel	1	
Tukaani Linux	1	
Snøfrix	1	
Arachne	1	
LNX-BBC	1	
Saxana.cz	1	
KSI Linux	1	
Linvo	1	
Buenos	1	
LinxOS	1	
Estobuntu	1	
GNIX	1	
Kuliax	1	
No1.Linux	1	
AnNyung Linux	1	
OS 703	1	
SMSQ	1	
Darkstar Linux	1	
Fantoo	1	
FireCast	1	
GENtOS	1	
GenieOS	1	
GnYOUlinux	1	
Jedi Linux	1	
Linux Mobile System	1	
MeNTOPPIX	1	
Navyn OS	1	
Phrealon	1	
PhoeNUX OS	1	
RUNT	1	
Salocin	1	
Splack Linux	1	
YOUrOS	1	
Zen Linux	1	
Cp6linux	1	
BlindUbuntu	1	
LinVDR	1	
Newtoos	1	
Suriyan	1	
FreeBSD LiveCD	1	
MiniBSD	1	
Rasdroid	1	
LogoDIDACT	1	
UCS@school	1	
Ezgo	1	
MS/8	1	
ZyNOS	1	
Siris 8	1	
MythDora	1	
AlliedWare Plus	1	
OS 901	1	
SphinUX	1	
NanoQplus	1	
NEVOD DMB	1	
SPIN	1	
Android 2.3 Gingerbread	1	
ASV	1	
Miosix	1	
Proyecto Mer	1	
RedOS Linux	1	
SambaEdu	1	
X-HYP	1	
Yandex.Kit	1	
MacMach	1	
BeOS R5.1d0	1	
AdJ	1	
Cr OS Linux	1	
HyperSpace	1	
PDOS	1	
S-OS	1	
Vino	1	
NOS/VE	1	
HeliOS	1	
nihonLinux	1	
Tizen for Wearable	1	
Astlinux	1	
Honeywell CP-6	1	
Kaleidoscope	1	
MS-Net	1	
MER-DOS	1	
IBM PC Network Program	1	
Altimit OS	1	
SlimRom	1	
SPARC64/OS	1	
Underground Desktop	1	
Tencent OS	1	
Windows Azure	1	
Colebuntu	1	
Labarinux	1	
AmayaOS	1	
Windows NT Server 3.51	1	
Linuxmuster.net	1	
Z9001-OS	1	
KOBRA	1	
Chromixium	1	
DigabiOS	1	
Navigatrix	1	
Galaxy OS	1	
Dawn	1	
NextBSD	1	
MoKee OpenSource	1	
Fira OS	1	
Turtlebot	1	
uNETix	1	
LibertyBSD	1	
Cisco IOS XE	1	
OPENSTEP	1	
SO	1	
Hyperpanel OS	1	
GNUinOS	1	
Fedora 22	1	
DeepStyle	1	
MonkeyLinux	1	
ISURU Linux	1	
Windows XP Home	1	
Halon	1	
TI-DNOS	1	
Vibrante	1	
Ghost	1	
RancherOS	1	
HiOS	1	
Android 7.1	1	
EterTICs GNU/Linux	1	
xhyve	1	
Exherbo	1	
Glass OS	1	
Maui Linux	1	
tvOS 10	1	
TvOS 9	1	
Minimal Linux Live	1	
MS-DOS 6.22	1	
Chapeau	1	
Mayix XliveCD	1	
BinToo GNU / Linux	1	
ToaruOS	1	
TvOS 11	1	
IncludeOS	1	
PCUNIX	1	
CarbonROM	1	
OS/7	1	
MIUI for POCO	1	
Halium	1	
Redcore Linux	1	
Z80-RIO	1	
Yanux	1	
Sortix	1	
vw.os	1	
Collapse OS	1	
tvOS 13	1	
Debian GNU/OpenBSD	1	
Debian GNU/w32	1	
Debian GNU/FreeDOS	1	
Debian GNU/Plan9	1	
FuryBSD	1	
Asha Platform	1	
Abitti	1	
CrDroid	1	
tvOS 14	1	
Linux Kodachi	1	
FydeOS	1	
Xbox system software	1	
Schrei – Live	1	
UXP	1	
Feren OS	1	
Parallels (software)	1	
Alter Linux	1	
Cinux	1	
Condres OS	1	
Nothing OS	1	
Windows 12	1	
Windows 7 Home Premium	0	Microsoft Windows 7 Home Premium	Windows 7 Home Premium edition
Boot-root	0	boot-root
OS/2 Warp 4	0	Warp 4
PAN-OS	0	Palo Alto Networks Operating System	Palo Alto Networks OS	PAN-OS	PANOS
FortiOS	0	FortiOS
BSD	0	BSD operating system	BSD derivative	BSD descendant	BSD system
Windows 10 Version 1809	0	October 2018 Update	Redstone 5	RS5	Windows 10 October 2018 Update
Hitachi VOS	0	VOS	VOS3
OSIV/MSP	0	MSP-EX
Windows 10 Version 1607	0	RS1	Anniversary Update	Redstone 1	Windows 10 Anniversary Update	Windows 10 Redstone 1	Windows 10 RS1	Windows 10.0.14393
Windows 10 Version 1507	0	TH1	Threshold 1	Windows 10 TH1	Windows 10 Threshold 1	Windows 10.0.10240
S5-DOS/MT	0	Siemens S5-DOS/MT
Time Warp Operating System	0	TWOS
SEP OS	0	Secure Enclave OS	SEPOS
Windows 10 Version 1903	0	19H1	May 2019 Update	Version 1903	Windows 10 May 2019 Update
DGA4131 FW_248	0	DGA4131 firmware	FW_248	VBNT-O firmware
JesusFreke ROM	0	JF	JF ROM
Windows 10 Version 1909	0	19H2	Windows 10 November 2019 Update	Windows 10, version 19H2
MagicSix	0	Magic 6	Mockapetris and Gregory's Interactive Computer
UX/RT	0	uxrt
MoKee ROM	0	MoKee Open Source
AICP	0	Android Ice Cold Project
dotOS	0	DroidOnTime
PlayStation 5 system software	0	PS5 system software
Bliss OS	0	BlissRoms
skiftOS	0	skift OS
Windows 10, version 21H1	0	21H1	Windows 10 May 2021 Update
Windows 10, version 20H2	0	20H2	Windows 10 October 2020 Update	Windows 10 Version 20H2
Microsoft Windows 98 Second Edition	0	Windows 98 Second Edition
SabineOS	0	Doscthbm	Sabine 1.5	Sabine 1.7	Sabine 10-Bit Text System	Sabine 2.0	Sabine 9-Bit Text System	SabineOS 1.0	SabOS
NorthStar DOS	0	NS DOS	NSDOS
Solaris version 1.x	0	Solaris 1.x
Solaris version 2.0	0	Solaris 2.0
Solaris version 7 update 3/99	0	Solaris 7 3/99
Solaris version 8 update 6/00	0	Solaris 8 6/00
Solaris version 9	0	Solaris 9
Solaris version 10	0	Solaris 10
Solaris version 11 Express 2010.11	0	Solaris 11 Express 2010.11
Solaris version 11.1	0	Solaris 11.1
Solaris version 11.2	0	Solaris 11.2
Solaris version 11.3	0	Solaris 11.3
Froyo	0	Android 2.2	Android Froyo
QDOS	0	Quick and Dirty Operating System
Windows 10 Version 1803	0	Redstone 4	RS4	Windows 10 April 2018 Update	Windows 10 Redstone 4	Windows 10 RS4
Windows 10 Version 1709	0	Fall Creators Update	Redstone 3	RS3	Windows 10 Fall Creators Update	Windows 10 Redstone 3	Windows 10.0.16299	Windows NT 10.0.16299
AlphaMicro Operating System	0	AMOS
ITsART	0	ITsART Spa
Debian Slink	0	Debian 2.1
Debian Hamm	0	Debian 2.0
Windows 10 Version 1511	0	November Update	TH2	Threshold 2	Windows 10 1511	Windows 10 November Update	Windows 10 TH2	Windows 10 Threshold 2	Windows 10.0.10586
IBM 4680 OS	0	4680 Operating System
Computer System Operating System	0	CSOS
MIDIbox Operating System	0	MIOS
Cooperation-iws	0	
HAL91	0	
MASTAR	0	
Shinux	0	
Toutankinux	0	
LinuX-gamers	0	
BSD Router Project	0	
Celerra	0	
HydrixOS	0	
MIDAS	0	
Xarnoppix	0	
Garuda OS	0	
Nut/OS	0	
AmonEcole	0	
OS/VX	0	
GParted Live	0	
Wang VSOS	0	
Windows 8.1 with Bing	0	
BitCurator	0	
PowerNex	0	
Ubuntu Satanic Edition	0	
PiPlay	0	
Kali Linux for Raspberry PI	0	
ProteanOS	0	
Harvey OS	0	
ACRN	0	
TeaLinuxOS	0	
Dracos	0	
PenDOS	0	
ExTiX	0	
Playdate OS	0	
Mcube Kernel	0	
Jehanne	0	
Escape	0	
Shrine	0	
Erythros	0	
Mezzano	0	
Minoca OS	0	
Akaros	0	
Soso	0	
Amazon Linux	0	
LegoOS	0	
Lilith	0	
KnightOS	0	
MirageOS	0	
hackable:1	0	
iPhone Linux	0	
OctOS	0	
PAC-ROM	0	
PureNexusProject	0	
Turbo Rom	0	
StatiXOS	0	
Maemo Leste	0	
Pixel Experience	0	
Glaze OS	0	
DarkNess reDefined	0	
Atomic-OS	0	
AospExtended	0	
GNU/Hurd	0	
webOS Open Source Edition	0	
ColtOS	0	
MS-DOS 4.0	0	
Fedora CoreOS	0	
Svarog386	0	
stali	0	
RebornOS	0	
OpenHarmony	0	
McKernel	0	
Theseus	0	
Endless OS	0	
UTM	0	
GNOME OS	0	
KISS	0	
REMnux	0	
OKI UX	0	
Elbrus Linux	0	
OpenTX	0	
OpenHD	0	
Kiss Linux	0	
Publik	0	
Ubuntu 18.04 LTS	0	
Essence	0	
